expiry,dte,type,strike,last,iv,oi,volume,advice
2025-10-24,0,CALL,500.0,0.01,0,24965,5663.0,"MONITOR | OTM | IV=0.00 | OI=24965 | VOL=5663 | short time → high theta decay, low IV → cheap premium, volatility=moderate"
2025-10-24,0,CALL,450.0,0.01,0,23925,195332.0,"MONITOR | OTM | IV=0.00 | OI=23925 | VOL=195332 | short time → high theta decay, low IV → cheap premium, volatility=moderate"
2025-10-24,0,CALL,480.0,0.01,0,20502,17154.0,"MONITOR | OTM | IV=0.00 | OI=20502 | VOL=17154 | short time → high theta decay, low IV → cheap premium, volatility=moderate"
2025-10-24,0,CALL,470.0,0.01,0,16590,33367.0,"MONITOR | OTM | IV=0.00 | OI=16590 | VOL=33367 | short time → high theta decay, low IV → cheap premium, volatility=moderate"
2025-10-24,0,CALL,475.0,0.01,0,16558,22276.0,"MONITOR | OTM | IV=0.00 | OI=16558 | VOL=22276 | short time → high theta decay, low IV → cheap premium, volatility=moderate"
2025-10-24,0,CALL,440.0,0.06,0,16148,188335.0,"MONITOR | OTM | IV=0.00 | OI=16148 | VOL=188335 | short time → high theta decay, low IV → cheap premium, volatility=moderate"
2025-10-24,0,CALL,460.0,0.01,0,13986,54637.0,"MONITOR | OTM | IV=0.00 | OI=13986 | VOL=54637 | short time → high theta decay, low IV → cheap premium, volatility=moderate"
2025-10-24,0,CALL,452.5,0.01,0,11896,43741.0,"MONITOR | OTM | IV=0.00 | OI=11896 | VOL=43741 | short time → high theta decay, low IV → cheap premium, volatility=moderate"
2025-10-24,0,CALL,455.0,0.01,0,11647,57443.0,"MONITOR | OTM | IV=0.00 | OI=11647 | VOL=57443 | short time → high theta decay, low IV → cheap premium, volatility=moderate"
2025-10-24,0,CALL,490.0,0.01,0,11284,6610.0,"MONITOR | OTM | IV=0.00 | OI=11284 | VOL=6610 | short time → high theta decay, low IV → cheap premium, volatility=moderate"
2025-10-24,0,PUT,420.0,0.03,0,26283,44086.0,"MONITOR | OTM | IV=0.00 | OI=26283 | VOL=44086 | short time → high theta decay, low IV → cheap premium, volatility=moderate"
2025-10-24,0,PUT,400.0,0.01,0,24138,10716.0,"MONITOR | OTM | IV=0.00 | OI=24138 | VOL=10716 | short time → high theta decay, low IV → cheap premium, volatility=moderate"
2025-10-24,0,PUT,325.0,0.01,0,20678,1464.0,"MONITOR | OTM | IV=0.00 | OI=20678 | VOL=1464 | short time → high theta decay, low IV → cheap premium, volatility=moderate"
2025-10-24,0,PUT,430.0,0.4,0,14710,148317.0,"BUY/HOLD (bearish near-ATM) | OTM | IV=0.00 | OI=14710 | VOL=148317 | short time → high theta decay, low IV → cheap premium, volatility=moderate"
2025-10-24,0,PUT,350.0,0.01,0,13220,1392.0,"MONITOR | OTM | IV=0.00 | OI=13220 | VOL=1392 | short time → high theta decay, low IV → cheap premium, volatility=moderate"
2025-10-24,0,PUT,410.0,0.02,0,12773,9066.0,"MONITOR | OTM | IV=0.00 | OI=12773 | VOL=9066 | short time → high theta decay, low IV → cheap premium, volatility=moderate"
2025-10-24,0,PUT,390.0,0.01,0,10735,2681.0,"MONITOR | OTM | IV=0.00 | OI=10735 | VOL=2681 | short time → high theta decay, low IV → cheap premium, volatility=moderate"
2025-10-24,0,PUT,425.0,0.09,0,10330,39104.0,"BUY/HOLD (bearish near-ATM) | OTM | IV=0.00 | OI=10330 | VOL=39104 | short time → high theta decay, low IV → cheap premium, volatility=moderate"
2025-10-24,0,PUT,380.0,0.01,0,9931,1279.0,"MONITOR | OTM | IV=0.00 | OI=9931 | VOL=1279 | short time → high theta decay, low IV → cheap premium, volatility=moderate"
2025-10-24,0,PUT,440.0,7.5,0,9752,119430.0,"BUY/HOLD (bearish ITM) | ITM | IV=0.00 | OI=9752 | VOL=119430 | short time → high theta decay, low IV → cheap premium, volatility=moderate"
2025-10-31,6,CALL,500.0,0.69,0,20952,24614.0,"MONITOR | OTM | IV=0.00 | OI=20952 | VOL=24614 | short time → high theta decay, low IV → cheap premium, volatility=moderate"
2025-10-31,6,CALL,450.0,5.82,0,13017,42909.0,"MONITOR | OTM | IV=0.00 | OI=13017 | VOL=42909 | short time → high theta decay, low IV → cheap premium, volatility=moderate"
2025-10-31,6,CALL,470.0,2.37,0,12302,20464.0,"MONITOR | OTM | IV=0.00 | OI=12302 | VOL=20464 | short time → high theta decay, low IV → cheap premium, volatility=moderate"
2025-10-31,6,CALL,440.0,9.0,0,10069,37335.0,"MONITOR | OTM | IV=0.00 | OI=10069 | VOL=37335 | short time → high theta decay, low IV → cheap premium, volatility=moderate"
2025-10-31,6,CALL,480.0,1.53,0,8084,11799.0,"MONITOR | OTM | IV=0.00 | OI=8084 | VOL=11799 | short time → high theta decay, low IV → cheap premium, volatility=moderate"
2025-10-31,6,CALL,465.0,2.97,0,8079,6294.0,"MONITOR | OTM | IV=0.00 | OI=8079 | VOL=6294 | short time → high theta decay, low IV → cheap premium, volatility=moderate"
2025-10-31,6,CALL,460.0,3.75,0,6679,24669.0,"MONITOR | OTM | IV=0.00 | OI=6679 | VOL=24669 | short time → high theta decay, low IV → cheap premium, volatility=moderate"
2025-10-31,6,CALL,550.0,0.12,0,6441,1506.0,"MONITOR | OTM | IV=0.00 | OI=6441 | VOL=1506 | short time → high theta decay, low IV → cheap premium, volatility=moderate"
2025-10-31,6,CALL,445.0,7.26,0,5710,17294.0,"MONITOR | OTM | IV=0.00 | OI=5710 | VOL=17294 | short time → high theta decay, low IV → cheap premium, volatility=moderate"
2025-10-31,6,CALL,490.0,1.02,0,5301,3839.0,"MONITOR | OTM | IV=0.00 | OI=5301 | VOL=3839 | short time → high theta decay, low IV → cheap premium, volatility=moderate"
2025-10-31,6,PUT,400.0,2.3,0,14684,15900.0,"MONITOR | OTM | IV=0.00 | OI=14684 | VOL=15900 | short time → high theta decay, low IV → cheap premium, volatility=moderate"
2025-10-31,6,PUT,420.0,6.57,0,13764,15103.0,"MONITOR | OTM | IV=0.00 | OI=13764 | VOL=15103 | short time → high theta decay, low IV → cheap premium, volatility=moderate"
2025-10-31,6,PUT,370.0,0.6,0,12593,1779.0,"MONITOR | OTM | IV=0.00 | OI=12593 | VOL=1779 | short time → high theta decay, low IV → cheap premium, volatility=moderate"
2025-10-31,6,PUT,380.0,0.88,0,8166,3142.0,"MONITOR | OTM | IV=0.00 | OI=8166 | VOL=3142 | short time → high theta decay, low IV → cheap premium, volatility=moderate"
2025-10-31,6,PUT,350.0,0.35,0,7420,2255.0,"MONITOR | OTM | IV=0.00 | OI=7420 | VOL=2255 | short time → high theta decay, low IV → cheap premium, volatility=moderate"
2025-10-31,6,PUT,390.0,1.37,0,6174,6356.0,"MONITOR | OTM | IV=0.00 | OI=6174 | VOL=6356 | short time → high theta decay, low IV → cheap premium, volatility=moderate"
2025-10-31,6,PUT,415.0,5.04,0,6000,6512.0,"MONITOR | OTM | IV=0.00 | OI=6000 | VOL=6512 | short time → high theta decay, low IV → cheap premium, volatility=moderate"
2025-10-31,6,PUT,430.0,10.5,0,5671,17021.0,"BUY/HOLD (bearish near-ATM) | OTM | IV=0.00 | OI=5671 | VOL=17021 | short time → high theta decay, low IV → cheap premium, volatility=moderate"
2025-10-31,6,PUT,410.0,3.9,0,4391,8094.0,"MONITOR | OTM | IV=0.00 | OI=4391 | VOL=8094 | short time → high theta decay, low IV → cheap premium, volatility=moderate"
2025-10-31,6,PUT,425.0,8.42,0,4134,6726.0,"BUY/HOLD (bearish near-ATM) | OTM | IV=0.00 | OI=4134 | VOL=6726 | short time → high theta decay, low IV → cheap premium, volatility=moderate"
2025-11-07,13,CALL,450.0,11.5,0,5770,10939.0,"MONITOR | OTM | IV=0.00 | OI=5770 | VOL=10939 | near-term expiry → moderate theta, low IV → cheap premium, volatility=moderate"
2025-11-07,13,CALL,500.0,2.74,0,4572,6124.0,"MONITOR | OTM | IV=0.00 | OI=4572 | VOL=6124 | near-term expiry → moderate theta, low IV → cheap premium, volatility=moderate"
2025-11-07,13,CALL,430.0,19.66,0,4057,1716.0,"CONSIDER SELL (bearish trend) | ITM | IV=0.00 | OI=4057 | VOL=1716 | near-term expiry → moderate theta, low IV → cheap premium, volatility=moderate"
2025-11-07,13,CALL,440.0,15.16,0,3775,7554.0,"MONITOR | OTM | IV=0.00 | OI=3775 | VOL=7554 | near-term expiry → moderate theta, low IV → cheap premium, volatility=moderate"
2025-11-07,13,CALL,460.0,8.6,0,2740,2401.0,"MONITOR | OTM | IV=0.00 | OI=2740 | VOL=2401 | near-term expiry → moderate theta, low IV → cheap premium, volatility=moderate"
2025-11-07,13,CALL,425.0,22.28,0,2572,1278.0,"CONSIDER SELL (bearish trend) | ITM | IV=0.00 | OI=2572 | VOL=1278 | near-term expiry → moderate theta, low IV → cheap premium, volatility=moderate"
2025-11-07,13,CALL,445.0,13.25,0,2562,3162.0,"MONITOR | OTM | IV=0.00 | OI=2562 | VOL=3162 | near-term expiry → moderate theta, low IV → cheap premium, volatility=moderate"
2025-11-07,13,CALL,550.0,0.8,0,2206,818.0,"MONITOR | OTM | IV=0.00 | OI=2206 | VOL=818 | near-term expiry → moderate theta, low IV → cheap premium, volatility=moderate"
2025-11-07,13,CALL,525.0,1.4,0,1791,817.0,"MONITOR | OTM | IV=0.00 | OI=1791 | VOL=817 | near-term expiry → moderate theta, low IV → cheap premium, volatility=moderate"
2025-11-07,13,CALL,490.0,3.6,0,1754,1626.0,"MONITOR | OTM | IV=0.00 | OI=1754 | VOL=1626 | near-term expiry → moderate theta, low IV → cheap premium, volatility=moderate"
2025-11-07,13,PUT,435.0,19.4,0,3768,1133.0,"BUY/HOLD (bearish ITM) | ITM | IV=0.00 | OI=3768 | VOL=1133 | near-term expiry → moderate theta, low IV → cheap premium, volatility=moderate"
2025-11-07,13,PUT,400.0,5.88,0,3726,2778.0,"MONITOR | OTM | IV=0.00 | OI=3726 | VOL=2778 | near-term expiry → moderate theta, low IV → cheap premium, volatility=moderate"
2025-11-07,13,PUT,420.0,12.13,0,3179,1688.0,"MONITOR | OTM | IV=0.00 | OI=3179 | VOL=1688 | near-term expiry → moderate theta, low IV → cheap premium, volatility=moderate"
2025-11-07,13,PUT,430.0,16.47,0,2757,2127.0,"BUY/HOLD (bearish near-ATM) | OTM | IV=0.00 | OI=2757 | VOL=2127 | near-term expiry → moderate theta, low IV → cheap premium, volatility=moderate"
2025-11-07,13,PUT,410.0,8.55,0,2424,1061.0,"MONITOR | OTM | IV=0.00 | OI=2424 | VOL=1061 | near-term expiry → moderate theta, low IV → cheap premium, volatility=moderate"
2025-11-07,13,PUT,370.0,2.1,0,2239,630.0,"MONITOR | OTM | IV=0.00 | OI=2239 | VOL=630 | near-term expiry → moderate theta, low IV → cheap premium, volatility=moderate"
2025-11-07,13,PUT,440.0,22.25,0,2142,1814.0,"BUY/HOLD (bearish ITM) | ITM | IV=0.00 | OI=2142 | VOL=1814 | near-term expiry → moderate theta, low IV → cheap premium, volatility=moderate"
2025-11-07,13,PUT,380.0,2.8,0,1982,3102.0,"MONITOR | OTM | IV=0.00 | OI=1982 | VOL=3102 | near-term expiry → moderate theta, low IV → cheap premium, volatility=moderate"
2025-11-07,13,PUT,425.0,14.55,0,1941,840.0,"BUY/HOLD (bearish near-ATM) | OTM | IV=0.00 | OI=1941 | VOL=840 | near-term expiry → moderate theta, low IV → cheap premium, volatility=moderate"
2025-11-07,13,PUT,350.0,1.1,0,1914,657.0,"MONITOR | OTM | IV=0.00 | OI=1914 | VOL=657 | near-term expiry → moderate theta, low IV → cheap premium, volatility=moderate"
